{
    "name" : "Bandai",

    "t-pose" : {
        "Hips" : [90, 0, 0],
        "Spine" : [0, 90, 0],
        "Chest" : [0, 0, 0],
        "Neck" : [0, 0, 0],
        "Head" : [0, 0, 0],
        "Shoulder_L" : [0, -90, -90],
        "UpperArm_L" : [0, 0, 0],
        "LowerArm_L" : [0, 0, 0],
        "Hand_L" : [0, 0, 0],
        "Shoulder_R" : [0, -90, -90],
        "UpperArm_R" : [0, 0, 0],
        "LowerArm_R" : [0, 0, 0],
        "Hand_R" : [0, 0, 0],
        "UpperLeg_L" : [180, 0, 0],
        "LowerLeg_L" : [0, 0, 0],
        "Foot_L" : [0, 0, -60],
        "Toes_L" : [0, 0, -15],
        "UpperLeg_R" : [0, 180, 0],
        "LowerLeg_R" : [0, 0, 0],
        "Foot_R" : [0, 0, -60],
        "Toes_R" : [0, 0, -15]
    }
}
