{
    "name"  : "Endorphin",

    "t-pose" : {
        "root" : [0, 0, 0],
        "LowerSpineJoint" : [90, 0, -90],
        "MiddleSpineJoint" : [0, 0, 0],
        "UpperSpineJoint" : [0, 0, 0],
        "LowerNeckJoint" : [0, 0, 0],
        "UpperNeckJoint" : [0, 0, 0],
        "RightClavicleJoint" : [88, -105, -2],
        "RightShoulderJoint" : [-15, 0, 0],
        "RightElbowJoint" : [0, 0, 0],
        "RightForearmTwistJoint" : [0, 0, 0],
        "RightWristJoint" : [0, 0, 0],
        "RightFingersJoint" : [-90, 90, 0],
        "LeftClavicleJoint" : [94, 74, 5],
        "LeftShoulderJoint" : [-17, 29, -8],
        "LeftElbowJoint" : [0, 0, 0],
        "LeftForearmTwistJoint" : [0, 0, 0],
        "LeftWristJoint" : [0, 0, 0],
        "LeftFingersJoint" : [-90, 90, 0],
        "RightHipJoint" : [-90, 0, 90],
        "RightKneeJoint" : [90, 90, 0],
        "RightAnkleJoint" : [0, 0, 0],
        "RightMidFootJoint" : [0, 0, -90],
        "RightToesJoint" : [0, 180, 0],
        "LeftHipJoint" : [-90, 0, 90],
        "LeftKneeJoint" : [-90, -90, 0],
        "LeftAnkleJoint" : [0, 0, 0],
        "LeftMidFootJoint" : [0, 0, 90],
        "LeftToesJoint" : [0, 180, 0]
    }
}
