{
    "name" : "SMPL",

    "t-pose" : {
        "m_avg_Pelvis" : [0, 0, 0],
        "m_avg_Spine1" : [0, 0, 0],
        "m_avg_Spine2" : [0, 0, 0],
        "m_avg_Spine3" : [0, 0, 0],
        "m_avg_Neck" : [0, 0, 0],
        "m_avg_Head" : [0, 0, 0],

        "m_avg_L_Collar" : [0, 0, 0],
        "m_avg_L_Shoulder" : [0, 0, 0],
        "m_avg_L_Elbow" : [0, 0, 0],
        "m_avg_L_Wrist" : [0, 0, 0],
        "m_avg_L_Hand" : [0, 0, 0],

        "m_avg_R_Collar" : [0, 0, 0],
        "m_avg_R_Shoulder" : [0, 0, 0],
        "m_avg_R_Elbow" : [0, 0, 0],
        "m_avg_R_Wrist" : [0, 0, 0],
        "m_avg_R_Hand" : [0, 0, 0],

        "m_avg_L_Hip" : [0, 0, 0],
        "m_avg_L_Knee" : [0, 0, 0],
        "m_avg_L_Ankle" : [0, 0, 0],
        "m_avg_L_Foot" : [0, 0, 0],

        "m_avg_R_Hip" : [0, 0, 0],
        "m_avg_R_Knee" : [0, 0, 0],
        "m_avg_R_Ankle" : [0, 0, 0],
        "m_avg_R_Foot" : [0, 0, 0]
    }
}
