{
    "name"  : "Unreal Engine",

    "t-pose" : {
        "pelvis" : [0, 0, 0],
        "spine_01" : [0, 0, 0],
        "spine_02" : [0, 0, 0],
        "spine_03" : [0, 0, 0],
        "neck_01" : [0, 0, 0],
        "head" : [0, 0, 0],

        "clavicle_l" : [0, 0, 0],
        "upperarm_l" : [0, 0, 0],
        "lowerarm_l" : [0, 0, 0],
        "hand_l" : [0, 0, 0],

        "clavicle_r" : [0, 0, 0],
        "upperarm_r" : [0, 0, 0],
        "lowerarm_r" : [0, 0, 0],
        "hand_r" : [0, 0, 0],

        "thigh_l" : [0, 0, 0],
        "calf_l" : [0, 0, 0],
        "foot_l" : [0, 0, 0],
        "ball_l" : [0, 0, 0],

        "thigh_r" : [0, 0, 0],
        "calf_r" : [0, 0, 0],
        "foot_r" : [0, 0, 0],
        "ball_r" : [0, 0, 0],

        "thumb_01_l" : [0, 0, 0],
        "thumb_02_l" : [0, 0, 0],
        "thumb_03_l" : [0, 0, 0],

        "index_01_l" : [0, 0, 0],
        "index_02_l" : [0, 0, 0],
        "index_03_l" : [0, 0, 0],

        "middle_01_l" : [0, 0, 0],
        "middle_02_l" : [0, 0, 0],
        "middle_03_l" : [0, 0, 0],

        "ring_01_l" : [0, 0, 0],
        "ring_02_l" : [0, 0, 0],
        "ring_03_l" : [0, 0, 0],

        "pinky_01_l" : [0, 0, 0],
        "pinky_02_l" : [0, 0, 0],
        "pinky_03_l" : [0, 0, 0],

        "thumb_01_r" : [0, 0, 0],
        "thumb_02_r" : [0, 0, 0],
        "thumb_03_r" : [0, 0, 0],

        "index_01_r" : [0, 0, 0],
        "index_02_r" : [0, 0, 0],
        "index_03_r" : [0, 0, 0],

        "middle_01_r" : [0, 0, 0],
        "middle_02_r" : [0, 0, 0],
        "middle_03_r" : [0, 0, 0],

        "ring_01_r" : [0, 0, 0],
        "ring_02_r" : [0, 0, 0],
        "ring_03_r" : [0, 0, 0],

        "pinky_01_r" : [0, 0, 0],
        "pinky_02_r" : [0, 0, 0],
        "pinky_03_r" : [0, 0, 0]
    }
}



