{
    "name": "Genesis 8.1",
    "fingerprint" : "facs_jnt_EyeBlinkLeft",
    "facs": {
        "browInnerUp" : ["facs_ctrl_BrowInnerUp", 1],
        "browDown_L" : ["facs_BrowDownLeft", 1],
        "browDown_R" : ["facs_BrowDownRight", 1],
        "browDownLeft" : ["facs_BrowDownLeft", 1],
        "browDownRight" : ["facs_BrowDownRight", 1],
        "browOuterUp_L" : ["facs_BrowOuterUpLeft", 1],
        "browOuterUp_R" : ["facs_BrowOuterUpRight", 1],
        "browOuterUpLeft" : ["facs_BrowOuterUpLeft", 1],
        "browOuterUpRight" : ["facs_BrowOuterUpRight", 1],
        "eyeLookUp_L" : ["facs_ctrl_EyeLookUp-DownLeft", 1],
        "eyeLookUp_R" : ["facs_ctrl_EyeLookUp-DownRight", 1],
        "eyeLookUpLeft" : ["facs_ctrl_EyeLookUp-DownLeft", 1],
        "eyeLookUpRight" : ["facs_ctrl_EyeLookUp-DownRight", 1],
        "eyeLookDown_L" : ["facs_ctrl_EyeLookUp-DownLeft", -1],
        "eyeLookDown_R" : ["facs_ctrl_EyeLookUp-DownRight", -1],
        "eyeLookDownLeft" : ["facs_ctrl_EyeLookUp-DownLeft", -1],
        "eyeLookDownRight" : ["facs_ctrl_EyeLookUp-DownRight", -1],
        "eyeLookIn_L" : ["facs_ctrl_EyeLookSide-SideLeft", 1],
        "eyeLookIn_R" : ["facs_ctrl_EyeLookSide-SideRight", -1],
        "eyeLookInLeft" : ["facs_ctrl_EyeLookSide-SideLeft", 1],
        "eyeLookInRight" : ["facs_ctrl_EyeLookSide-SideRight", -1],
        "eyeLookOut_L" : ["facs_ctrl_EyeLookSide-SideLeft", -1],
        "eyeLookOut_R" : ["facs_ctrl_EyeLookSide-SideRight", 1],
        "eyeLookOutLeft" : ["facs_ctrl_EyeLookSide-SideLeft", -1],
        "eyeLookOutRight" : ["facs_ctrl_EyeLookSide-SideRight", 1],
        "eyeBlink_L" : ["facs_jnt_EyeBlinkLeft", 1],
        "eyeBlink_R" : ["facs_jnt_EyeBlinkRight", 1],
        "eyeBlinkLeft" : ["facs_jnt_EyeBlinkLeft", 1],
        "eyeBlinkRight" : ["facs_jnt_EyeBlinkRight", 1],
        "eyeSquint_L" : ["facs_bs_EyeSquintLeft_div2", 1],
        "eyeSquint_R" : ["facs_bs_EyeSquintRight_div2", 1],
        "eyeSquintLeft" : ["facs_bs_EyeSquintLeft_div2", 1],
        "eyeSquintRight" : ["facs_bs_EyeSquintRight_div2", 1],
        "eyeWide_L" : ["facs_jnt_EyesWideLeft", 1],
        "eyeWide_R" : ["facs_jnt_EyesWideRight", 1],
        "eyeWideLeft" : ["facs_jnt_EyesWideLeft", 1],
        "eyeWideRight" : ["facs_jnt_EyesWideRight", 1],

        "cheekPuff" : ["facs_ctrl_CheekPuff", 1],
        "cheekSquint_L" : ["facs_bs_CheekSquintLeft_div2", 1],
        "cheekSquint_R" : ["facs_bs_CheekSquintRight_div2", 1],
        "cheekSquintLeft" : ["facs_bs_CheekSquintLeft_div2", 1],
        "cheekSquintRight" : ["facs_bs_CheekSquintRight_div2", 1],
        "noseSneer_L" : ["facs_bs_NoseSneerLeft_div2", 1],
        "noseSneer_R" : ["facs_bs_NoseSneerRight_div2", 1],
        "noseSneerLeft" : ["facs_bs_NoseSneerLeft_div2", 1],
        "noseSneerRight" : ["facs_bs_NoseSneerRight_div2", 1],
        "jawOpen" : ["facs_jnt_JawOpen", 1],
        "jawForward" : ["facs_jnt_JawForward", 1],
        "jawLeft" : ["facs_jnt_JawLeft", 1],
        "jawRight" : ["facs_jnt_JawRight", 1],

        "mouthFunnel" : ["facs_bs_MouthFunnel_div2", 1],
        "mouthPucker" : ["facs_bs_MouthPucker_div2", 1],
        "mouthLeft" : ["facs_bs_MouthLeft_div2", 1],
        "mouthRight" : ["facs_bs_MouthRight_div2", 1],
        "mouthRollUpper" : ["facs_bs_MouthRollUpper_div2", 1],
        "mouthRollLower" : ["facs_bs_MouthRollLower_div2", 1],
        "mouthShrugUpper" : ["facs_bs_MouthShrugUpper_div2", 1],
        "mouthShrugLower" : ["facs_bs_MouthShrugLower_div2", 1],
        "mouthClose" : ["facs_bs_MouthClose_div2", 1],
        "mouthSmile_L" : ["facs_bs_MouthSmileLeft_div2", 1],
        "mouthSmile_R" : ["facs_bs_MouthSmileRight_div2", 1],
        "mouthSmileLeft" : ["facs_bs_MouthSmileLeft_div2", 1],
        "mouthSmileRight" : ["facs_bs_MouthSmileRight_div2", 1],
        "mouthFrown_L" : ["facs_bs_MouthFrownLeft_div2", 1],
        "mouthFrown_R" : ["facs_bs_MouthFrownRight_div2", 1],
        "mouthFrownLeft" : ["facs_bs_MouthFrownLeft_div2", 1],
        "mouthFrownRight" : ["facs_bs_MouthFrownRight_div2", 1],
        "mouthDimple_L" : ["facs_bs_MouthDimpleLeft_div2", 1],
        "mouthDimple_R" : ["facs_bs_MouthDimpleRight_div2", 1],
        "mouthDimpleLeft" : ["facs_bs_MouthDimpleLeft_div2", 1],
        "mouthDimpleRight" : ["facs_bs_MouthDimpleRight_div2", 1],
        "mouthUpperUp_L" : ["facs_bs_MouthUpperUpLeft_div2", 1],
        "mouthUpperUp_R" : ["facs_bs_MouthUpperUpRight_div2", 1],
        "mouthUpperUpLeft" : ["facs_bs_MouthUpperUpLeft_div2", 1],
        "mouthUpperUpRight" : ["facs_bs_MouthUpperUpRight_div2", 1],
        "mouthLowerDown_L" : ["facs_bs_MouthLowerDownLeft_div2", 1],
        "mouthLowerDown_R" : ["facs_bs_MouthLowerDownRight_div2", 1],
        "mouthLowerDownLeft" : ["facs_bs_MouthLowerDownLeft_div2", 1],
        "mouthLowerDownRight" : ["facs_bs_MouthLowerDownRight_div2", 1],
        "mouthPress_L" : ["facs_bs_MouthPressLeft_div2", 1],
        "mouthPress_R" : ["facs_bs_MouthPressRight_div2", 1],
        "mouthPressLeft" : ["facs_bs_MouthPressLeft_div2", 1],
        "mouthPressRight" : ["facs_bs_MouthPressRight_div2", 1],
        "mouthStretch_L" : ["facs_bs_MouthStretchLeft_div2", 1],
        "mouthStretch_R" : ["facs_bs_MouthStretchRight_div2", 1],
        "mouthStretchLeft" : ["facs_bs_MouthStretchLeft_div2", 1],
        "mouthStretchRight" : ["facs_bs_MouthStretchRight_div2", 1],
        
        "tongueOut" : ["facs_bs_TongueOut", 1]
    }
}
