{
    "name": "LiveLink",
    "fingerprint" : "EyeBlinkLeft",
    "facs": {
        "BrowInnerUp" : ["BrowInnerUp", 1],
        "BrowDown_L" : ["BrowDownLeft", 1],
        "BrowDown_R" : ["BrowDownRight", 1],
        "BrowDownLeft" : ["BrowDownLeft", 1],
        "BrowDownRight" : ["BrowDownRight", 1],
        "BrowOuterUp_L" : ["BrowOuterUpLeft", 1],
        "BrowOuterUp_R" : ["BrowOuterUpRight", 1],
        "BrowOuterUpLeft" : ["BrowOuterUpLeft", 1],
        "BrowOuterUpRight" : ["BrowOuterUpRight", 1],
        "EyeLookUp_L" : ["EyeLookUpLeft", 1],
        "EyeLookUp_R" : ["EyeLookUpRight", 1],
        "EyeLookUpLeft" : ["EyeLookUpLeft", 1],
        "EyeLookUpRight" : ["EyeLookUpRight", 1],
        "EyeLookDown_L" : ["EyeLookDownLeft", 1],
        "EyeLookDown_R" : ["EyeLookDownRight", 1],
        "EyeLookDownLeft" : ["EyeLookDownLeft", 1],
        "EyeLookDownRight" : ["EyeLookDownRight", 1],
        "EyeLookIn_L" : ["EyeLookDownLeft", 1],
        "EyeLookIn_R" : ["EyeLookDownRight", 1],
        "EyeLookInLeft" : ["EyeLookDownLeft", 1],
        "EyeLookInRight" : ["EyeLookDownRight", 1],
        "EyeLookOut_L" : ["EyeLookOutLeft", 1],
        "EyeLookOut_R" : ["EyeLookOutRight", 1],
        "EyeLookOutLeft" : ["EyeLookOutLeft", 1],
        "EyeLookOutRight" : ["EyeLookOutRight", 1],
        "EyeBlink_L" : ["EyeBlinkLeft", 1],
        "EyeBlink_R" : ["EyeBlinkRight", 1],
        "EyeBlinkLeft" : ["EyeBlinkLeft", 1],
        "EyeBlinkRight" : ["EyeBlinkRight", 1],
        "EyeSquint_L" : ["EyeSquintLeft", 1],
        "EyeSquint_R" : ["EyeSquintRight", 1],
        "EyeSquintLeft" : ["EyeSquintLeft", 1],
        "EyeSquintRight" : ["EyeSquintRight", 1],
        "EyeWide_L" : ["EyeWideLeft", 1],
        "EyeWide_R" : ["EyeWideRight", 1],
        "EyeWideLeft" : ["EyeWideLeft", 1],
        "EyeWideRight" : ["EyeWideRight", 1],

        "CheekPuff" : ["CheekPuff", 1],
        "CheekSquint_L" : ["CheekSquintLeft", 1],
        "CheekSquint_R" : ["CheekSquintRight", 1],
        "CheekSquintLeft" : ["CheekSquintLeft", 1],
        "CheekSquintRight" : ["CheekSquintRight", 1],
        "NoseSneer_L" : ["NoseSneerLeft", 1],
        "NoseSneer_R" : ["NoseSneerRight", 1],
        "NoseSneerLeft" : ["NoseSneerLeft", 1],
        "NoseSneerRight" : ["NoseSneerRight", 1],
        "JawOpen" : ["JawOpen", 1],
        "JawForward" : ["JawForward", 1],
        "JawLeft" : ["JawLeft", 1],
        "JawRight" : ["JawRight", 1],

        "MouthFunnel" : ["MouthFunnel", 1],
        "MouthPucker" : ["MouthPucker", 1],
        "MouthLeft" : ["MouthLeft", 1],
        "MouthRight" : ["MouthRight", 1],
        "MouthRollUpper" : ["MouthRollUpper", 1],
        "MouthRollLower" : ["MouthRollLower", 1],
        "MouthShrugUpper" : ["MouthShrugUpper", 1],
        "MouthShrugLower" : ["MouthShrugLower", 1],
        "MouthClose" : ["MouthClose", 1],
        "MouthSmile_L" : ["MouthSmileLeft", 1],
        "MouthSmile_R" : ["MouthSmileRight", 1],
        "MouthSmileLeft" : ["MouthSmileLeft", 1],
        "MouthSmileRight" : ["MouthSmileRight", 1],
        "MouthFrown_L" : ["MouthFrownLeft", 1],
        "MouthFrown_R" : ["MouthFrownRight", 1],
        "MouthFrownLeft" : ["MouthFrownLeft", 1],
        "MouthFrownRight" : ["MouthFrownRight", 1],
        "MouthDimple_L" : ["MouthDimpleLeft", 1],
        "MouthDimple_R" : ["MouthDimpleRight", 1],
        "MouthDimpleLeft" : ["MouthDimpleLeft", 1],
        "MouthDimpleRight" : ["MouthDimpleRight", 1],
        "MouthUpperUp_L" : ["MouthUpperUpLeft", 1],
        "MouthUpperUp_R" : ["MouthUpperUpRight", 1],
        "MouthUpperUpLeft" : ["MouthUpperUpLeft", 1],
        "MouthUpperUpRight" : ["MouthUpperUpRight", 1],
        "MouthLowerDown_L" : ["MouthLowerDownLeft", 1],
        "MouthLowerDown_R" : ["MouthLowerDownRight", 1],
        "MouthLowerDownLeft" : ["MouthLowerDownLeft", 1],
        "MouthLowerDownRight" : ["MouthLowerDownRight", 1],
        "MouthPress_L" : ["MouthPressLeft", 1],
        "MouthPress_R" : ["MouthPressRight", 1],
        "MouthPressLeft" : ["MouthPressLeft", 1],
        "MouthPressRight" : ["MouthPressRight", 1],
        "MouthStretch_L" : ["MouthStretchLeft", 1],
        "MouthStretch_R" : ["MouthStretchRight", 1],
        "MouthStretchLeft" : ["MouthStretchLeft", 1],
        "MouthStretchRight" : ["MouthStretchRight", 1],
        "TongueOut" : ["TongueOut", 1]
    }
}
