{
    "name"  : "Bandai",
    "url"   : "https://github.com/BandaiNamcoResearchInc/Bandai-Namco-Research-Motiondataset",
    "t-pose-file" : "Bandai",

    "bones" : {
        "Hips" : "hips",
        "Spine" : "spine",
        "Chest" : "chest",
        "Neck" : "neck",
        "Head" : "head",

        "Shoulder_L" : "shoulder.L",
        "UpperArm_L" : "upper_arm.L",
        "LowerArm_L" : "forearm.L",
        "Hand_L" : "hand.L",

        "Shoulder_R" : "shoulder.R",
        "UpperArm_R" : "upper_arm.R",
        "LowerArm_R" : "forearm.R",
        "Hand_R" : "hand.R",

        "UpperLeg_L" : "thigh.L",
        "LowerLeg_L" : "shin.L",
        "Foot_L" : "foot.L",
        "Toes_L" : "toe.L",

        "UpperLeg_R" : "thigh.R",
        "LowerLeg_R" : "shin.R",
        "Foot_R" : "foot.R",
        "Toes_R" : "toe.R"
    }

}



