{
    "name"  : "CMU (3DS)",
    "url"   : "https://sites.google.com/a/cgspeed.com/cgspeed/motion-capture",

    "bones" : {
        "Hips" : "hips",
        "LHipJoint" : "hip.L",
        "RHipJoint" : "hip.R",
        "lowerback" : "spine",
        "Chest" : "spine-1",
        "Chest2" : "chest",
        "lowerneck" : "neck",
        "Head" : "head",

        "LeftCollar" : "shoulder.L",
        "LeftShoulder" : "upper_arm.L",
        "LeftElbow" : "forearm.L",
        "LeftWrist" : "hand.L",

        "RightCollar" : "shoulder.R",
        "RightShoulder" : "upper_arm.R",
        "RightElbow" : "forearm.R",
        "RightWrist" : "hand.R",

        "LeftHip" : "thigh.L",
        "LeftKnee" : "shin.L",
        "LeftAnkle" : "foot.L",
        "LeftToe" : "toe.L",

        "RightHip" : "thigh.R",
        "RightKnee" : "shin.R",
        "RightAnkle" : "foot.R",
        "RightToe" : "toe.R",

        "LThumb" : "f_thumb.01.L",
        "LFingers" : "f_middle.01.L",

        "RThumb" : "f_thumb.01.R",
        "RFingers" : "f_middle.01.R"
    },

    "optional" : [
        "LeftToe", "RightToe",
        "LThumb", "RThumb",
        "LFingers", "RFingers"
    ]

}
