{
    "name"  : "Genesis 9",
    "url"   : "www.daz3d.com",
    "fingerprint" : ["spine1", "l_upperarm", "l_pinky3"],
    
    "bones" : {
        "hip" : "hips",
        "spine1" : "spine",
        "spine2" : "spine-1",
        "spine3" : "chest",
        "spine4" : "chest-1",
        "neck1" : "neck",
        "head" : "head", 

        "l_shoulder" : "shoulder.L",
        "l_upperarm" : "upper_arm.L", 
        "l_forearm" : "forearm.L",
        "l_hand" : "hand.L",

        "r_shoulder" : "shoulder.R",
        "r_upperarm" : "upper_arm.R", 
        "r_forearm" : "forearm.R",
        "r_hand" : "hand.R",

        "l_thigh" : "thigh.L",
        "l_shin" : "shin.L",
        "l_foot" : "foot.L", 
        "l_toes" : "toe.L",

        "r_thigh" : "thigh.R",
        "r_shin" : "shin.R",
        "r_foot" : "foot.R", 
        "r_toes" : "toe.R",
        
        "l_thumb1" : "f_thumb.01.L",
        "l_thumb2" : "f_thumb.02.L",
        "l_thumb3" : "f_thumb.03.L",
        
        "l_index1" : "f_index.01.L",
        "l_index2" : "f_index.02.L",
        "l_index3" : "f_index.03.L",
        
        "l_mid1" : "f_middle.01.L",
        "l_mid2" : "f_middle.02.L",
        "l_mid3" : "f_middle.03.L",
        
        "l_ring1" : "f_ring.01.L",
        "l_ring2" : "f_ring.02.L",
        "l_ring3" : "f_ring.03.L",
        
        "l_pinky1" : "f_pinky.01.L",
        "l_pinky2" : "f_pinky.02.L",
        "l_pinky3" : "f_pinky.03.L",    
        
        "r_thumb1" : "f_thumb.01.R",
        "r_thumb2" : "f_thumb.02.R",
        "r_thumb3" : "f_thumb.03.R",
        
        "r_index1" : "f_index.01.R",
        "r_index2" : "f_index.02.R",
        "r_index3" : "f_index.03.R",
        
        "r_mid1" : "f_middle.01.R",
        "r_mid2" : "f_middle.02.R",
        "r_mid3" : "f_middle.03.R",
        
        "r_ring1" : "f_ring.01.R",
        "r_ring2" : "f_ring.02.R",
        "r_ring3" : "f_ring.03.R",
        
        "r_pinky1" : "f_pinky.01.R",
        "r_pinky2" : "f_pinky.02.R",
        "r_pinky3" : "f_pinky.03.R"

    },
    
    "optional" : [],
    
    "parents" : {
          "lShin" : "lThighBend"      
    }
}



