{
    "name"  : "MakeHuman",
    "url"   : "www.makehuman.org",
    "fingerprint" : ["risorius03.R"],
    
    "bones" : {
        "root" : "hips",
        "spine4" : "spine",
        "spine3" : "spine-1",
        "spine2" : "chest",
        "neck" : "neck",
        "head" : "head", 

        "clavicle.L" : "shoulder.L",
        "shoulder02.L" : "upper_arm.L", 
        "lowerarm01.L" : "forearm.L",
        "wrist.L" : "hand.L",
        
        "clavicle.R" : "shoulder.R",
        "shoulder02.R" : "upper_arm.R", 
        "lowerarm01.R" : "forearm.R",
        "wrist.R" : "hand.R",

        "upperleg01.L" : "thigh.L",
        "upperleg02.L" : "thigh_twist.L",
        "lowerleg01.L" : "shin.L",
        "foot.L" : "foot.L", 
        "toe1-1.L" : "toe.L",
        "toe2-1.L" : "toe.L",
        "toe3-1.L" : "toe.L",
        "toe4-1.L" : "toe.L",
        "toe5-1.L" : "toe.L",

        "upperleg01.R" : "thigh.R",
        "lowerleg01.R" : "shin.R",
        "foot.R" : "foot.R", 
        "toe1-1.R" : "toe.R",
        "toe2-1.R" : "toe.R",
        "toe3-1.R" : "toe.R",
        "toe4-1.R" : "toe.R",
        "toe5-1.R" : "toe.R"
    },
    
    "ik-bones" : []

}



