{
    "name"  : "Mixamo",
    "url"   : "Mixamo",

    "bones" : {
        "mixamorig:Hips" : "hips",
        "mixamorig:Spine" : "spine",
        "mixamorig:Spine1" : "spine-1",
        "mixamorig:Spine2" : "chest",
        "mixamorig:Neck" : "neck",
        "mixamorig:Head" : "head",

        "mixamorig:LeftShoulder" : "shoulder.L",
        "mixamorig:LeftArm" : "upper_arm.L",
        "mixamorig:LeftForeArm" : "forearm.L",
        "mixamorig:LeftHand" : "hand.L",

        "mixamorig:RightShoulder" : "shoulder.R",
        "mixamorig:RightArm" : "upper_arm.R",
        "mixamorig:RightForeArm" : "forearm.R",
        "mixamorig:RightHand" : "hand.R",

        "mixamorig:LeftUpLeg" : "thigh.L",
        "mixamorig:LeftLeg" : "shin.L",
        "mixamorig:LeftFoot" : "foot.L",
        "mixamorig:LeftToeBase" : "toe.L",

        "mixamorig:RightUpLeg" : "thigh.R",
        "mixamorig:RightLeg" : "shin.R",
        "mixamorig:RightFoot" : "foot.R",
        "mixamorig:RightToeBase" : "toe.R",

        "mixamorig:LeftHandThumb1" : "f_thumb.01.L",
        "mixamorig:LeftHandThumb2" : "f_thumb.02.L",
        "mixamorig:LeftHandThumb3" : "f_thumb.03.L",

        "mixamorig:LeftHandIndex1" : "f_index.01.L",
        "mixamorig:LeftHandIndex2" : "f_index.02.L",
        "mixamorig:LeftHandIndex3" : "f_index.03.L",

        "mixamorig:LeftHandMiddle1" : "f_middle.01.L",
        "mixamorig:LeftHandMiddle2" : "f_middle.02.L",
        "mixamorig:LeftHandMiddle3" : "f_middle.03.L",

        "mixamorig:LeftHandRing1" : "f_ring.01.L",
        "mixamorig:LeftHandRing2" : "f_ring.02.L",
        "mixamorig:LeftHandRing3" : "f_ring.03.L",

        "mixamorig:LeftHandPinky1" : "f_pinky.01.L",
        "mixamorig:LeftHandPinky2" : "f_pinky.02.L",
        "mixamorig:LeftHandPinky3" : "f_pinky.03.L",

        "mixamorig:RightHandThumb1" : "f_thumb.01.R",
        "mixamorig:RightHandThumb2" : "f_thumb.02.R",
        "mixamorig:RightHandThumb3" : "f_thumb.03.R",

        "mixamorig:RightHandIndex1" : "f_index.01.R",
        "mixamorig:RightHandIndex2" : "f_index.02.R",
        "mixamorig:RightHandIndex3" : "f_index.03.R",

        "mixamorig:RightHandMiddle1" : "f_middle.01.R",
        "mixamorig:RightHandMiddle2" : "f_middle.02.R",
        "mixamorig:RightHandMiddle3" : "f_middle.03.R",

        "mixamorig:RightHandRing1" : "f_ring.01.R",
        "mixamorig:RightHandRing2" : "f_ring.02.R",
        "mixamorig:RightHandRing3" : "f_ring.03.R",

        "mixamorig:RightHandPinky1" : "f_pinky.01.R",
        "mixamorig:RightHandPinky2" : "f_pinky.02.R",
        "mixamorig:RightHandPinky3" : "f_pinky.03.R"
    }

}



