{
    "name"  : "MMD English",
    "url"   : "",
    "fingerprint" : ["UpperBodyb", "UpperBody2"],
    
    "bones" : {
        "LowerBody" : "hips",
        "UpperBody" : "spine",
        "UpperBodyb" : "spine-1",
        "UpperBody2" : "chest",
        "Neck" : "neck",
        "Head" : "head", 

        "Shoulder_L" : "shoulder.L",
        "Arm_L" : "upper_arm.L", 
        "ArmTwist_L" : "upper_arm_twist.L", 
        "Elbow_L" : "forearm.L",
        "HandTwist_L" : "forearm_twist.L",
        "Wrist_L" : "hand.L",

        "Shoulder_R" : "shoulder.R",
        "Arm_R" : "upper_arm.R", 
        "ArmTwist_R" : "upper_arm_twist.R", 
        "Elbow_R" : "forearm.R",
        "HandTwist_R" : "forearm_twist.R",
        "Wrist_R" : "hand.R",

        "Leg_L" : "thigh.L",
        "Knee_L" : "shin.L",
        "Ankle_L" : "foot.L", 

        "Leg_R" : "thigh.R",
        "Knee_R" : "shin.R",
        "Ankle_R" : "foot.R", 
        
        "Thumb0_L" : "f_thumb.01.L",
        "Thumb1_L" : "f_thumb.02.L",
        "Thumb2_L" : "f_thumb.03.L",
        
        "IndexFinger1_L" : "f_index.01.L",
        "IndexFinger2_L" : "f_index.02.L",
        "IndexFinger3_L" : "f_index.03.L",
        
        "MiddleFinger1_L" : "f_middle.01.L",
        "MiddleFinger2_L" : "f_middle.02.L",
        "MiddleFinger3_L" : "f_middle.03.L",
        
        "RingFinger1_L" : "f_ring.01.L",
        "RingFinger2_L" : "f_ring.02.L",
        "RingFinger3_L" : "f_ring.03.L",
        
        "LittleFinger1_L" : "f_pinky.01.L",
        "LittleFinger2_L" : "f_pinky.02.L",
        "LittleFinger3_L" : "f_pinky.03.L",    
                        
        "Thumb0_R" : "f_thumb.01.R",
        "Thumb1_R" : "f_thumb.02.R",
        "Thumb2_R" : "f_thumb.03.R",
        
        "IndexFinger1_R" : "f_index.01.R",
        "IndexFinger2_R" : "f_index.02.R",
        "IndexFinger3_R" : "f_index.03.R",
        
        "MiddleFinger1_R" : "f_middle.01.R",
        "MiddleFinger2_R" : "f_middle.02.R",
        "MiddleFinger3_R" : "f_middle.03.R",
        
        "RingFinger1_R" : "f_ring.01.R",
        "RingFinger2_R" : "f_ring.02.R",
        "RingFinger3_R" : "f_ring.03.R",
        
        "LittleFinger1_R" : "f_pinky.01.R",
        "LittleFinger2_R" : "f_pinky.02.R",
        "LittleFinger3_R" : "f_pinky.03.R"   

    },
    
    "optional" : [],
    
    "parents" : {
    }
}



