{
	"name": "Sony Mocopi",
	"url": "https://www.sony.net/mocopi-dev",
	"fingerprint": ["l_up_leg", "r_up_leg"],
	"bones": {
		"root": "hips",
		"torso_1": "spine",
		"torso_2": "spine-1",
		"torso_3": "spine-2",
		"torso_4": "Chest1",
		"torso_5": "chest",
		"torso_6": "chest-1",
		"torso_7": "Chest4",
		"neck_1": "neck",
		"neck_2": "Neck2",
        "head": "head",

		"l_shoulder": "shoulder.L",
		"l_up_arm": "upper_arm.L",
		"l_low_arm": "forearm.L",

		"r_shoulder": "shoulder.R",
		"r_up_arm": "upper_arm.R",
		"r_low_arm": "forearm.R",

		"l_up_leg": "thigh.L",
		"l_low_leg": "shin.L",
		"l_foot": "foot.L",

		"r_up_leg": "thigh.R",
		"r_low_leg": "shin.R",
		"r_foot": "foot.R"
	}
}