{
    "name"  : "Quickmagic",
    "url"   : "",
    "fingerprint" : ["Bip001 Pelvis"],

    "bones" : {
        "Bip001 Pelvis" : "hips",
        "Bip001 Spine" : "spine",
        "Bip001 Spine1" : "spine-1",
        "Bip001 Spine2" : "chest",
        "Bip001 Neck" : "neck",
        "Bip001 Head" : "head",

        "Bip001 L Clavicle" : "shoulder.L",
        "Bip001 L UpperArm" : "upper_arm.L",
        "Bip001 L Forearm" : "forearm.L",
        "Bip001 L ForeTwist" : "forearm_twist.L",
        "Bip001 L Hand" : "hand.L",

        "Bip001 R Clavicle" : "shoulder.R",
        "Bip001 R UpperArm" : "upper_arm.R",
        "Bip001 R Forearm" : "forearm.R",
        "Bip001 R ForeTwist" : "forearm_twist.R",
        "Bip001 R Hand" : "hand.R",

        "Bip001 L Thigh" : "thigh.L",
        "Bip001 L Calf" : "shin.L",
        "Bip001 L Foot" : "foot.L",
        "Bip001 L Toe0" : "toe.L",

        "Bip001 R Thigh" : "thigh.R",
        "Bip001 R Calf" : "shin.R",
        "Bip001 R Foot" : "foot.R",
        "Bip001 R Toe0" : "toe.R",

        "Bip001 L Finger0" : "f_thumb.01.L",
        "Bip001 L Finger01" : "f_thumb.02.L",
        "Bip001 L Finger02" : "f_thumb.03.L",

        "Bip001 L Finger1" : "f_index.01.L",
        "Bip001 L Finger11" : "f_index.02.L",
        "Bip001 L Finger12" : "f_index.03.L",

        "Bip001 L Finger2" : "f_middle.01.L",
        "Bip001 L Finger21" : "f_middle.02.L",
        "Bip001 L Finger22" : "f_middle.03.L",

        "Bip001 L Finger3" : "f_ring.01.L",
        "Bip001 L Finger31" : "f_ring.02.L",
        "Bip001 L Finger32" : "f_ring.03.L",

        "Bip001 L Finger4" : "f_pinky.01.L",
        "Bip001 L Finger41" : "f_pinky.02.L",
        "Bip001 L Finger42" : "f_pinky.03.L",

        "Bip001 R Finger0" : "f_thumb.01.R",
        "Bip001 R Finger01" : "f_thumb.02.R",
        "Bip001 R Finger02" : "f_thumb.03.R",

        "Bip001 R Finger1" : "f_index.01.R",
        "Bip001 R Finger11" : "f_index.02.R",
        "Bip001 R Finger12" : "f_index.03.R",

        "Bip001 R Finger2" : "f_middle.01.R",
        "Bip001 R Finger21" : "f_middle.02.R",
        "Bip001 R Finger22" : "f_middle.03.R",

        "Bip001 R Finger3" : "f_ring.01.R",
        "Bip001 R Finger31" : "f_ring.02.R",
        "Bip001 R Finger32" : "f_ring.03.R",

        "Bip001 R Finger4" : "f_pinky.01.R",
        "Bip001 R Finger41" : "f_pinky.02.R",
        "Bip001 R Finger42" : "f_pinky.03.R"
    },

    "optional" : []
}



