{
    "name"  : "SMPL",
    "url"   : "",
    "fingerprint" : ["m_avg_Spine1", "m_avg_L_Shoulder"],
    "t-pose-file" : "SMPL",

    "bones" : {
        "m_avg_Pelvis" : "hips",
        "m_avg_Spine1" : "spine",
        "m_avg_Spine2" : "spine-1",
        "m_avg_Spine3" : "chest",
        "m_avg_Neck" : "neck",
        "m_avg_Head" : "head",

        "m_avg_L_Collar" : "shoulder.L",
        "m_avg_L_Shoulder" : "upper_arm.L",
        "m_avg_L_Elbow" : "forearm.L",
        "m_avg_L_Wrist" : "hand.L",
        "m_avg_L_Hand" : "unused.L",

        "m_avg_R_Collar" : "shoulder.R",
        "m_avg_R_Shoulder" : "upper_arm.R",
        "m_avg_R_Elbow" : "forearm.R",
        "m_avg_R_Wrist" : "hand.R",
        "m_avg_R_Hand" : "unused.R",

        "m_avg_L_Hip" : "thigh.L",
        "m_avg_L_Knee" : "shin.L",
        "m_avg_L_Ankle" : "foot.L",
        "m_avg_L_Foot" : "toe.L",

        "m_avg_R_Hip" : "thigh.R",
        "m_avg_R_Knee" : "shin.R",
        "m_avg_R_Ankle" : "foot.R",
        "m_avg_R_Foot" : "toe.R"
    }

}



