{
    "name"  : "Vicon Blade",
    "url"   : "",
    
    "bones" : {
        "root" : "hips",
        "lowerback" : "spine",
        "thorax" : "chest",
        "neck" : "neck",
        "head" : "head",

        "l_collar" : "shoulder.L",
        "l_humerus" : "upper_arm.L",
        "l_elbow" : "forearm.L",
        "l_wrist" : "hand.L",
        "l_thumb" : "f_thumb.02.L",
        "l_wrist_end" : "f_thumb.03.L",

        "r_collar" : "shoulder.R",
        "r_humerus" : "upper_arm.R",
        "r_elbow" : "forearm.R",
        "r_wrist" : "hand.R",
        "r_thumb" : "f_thumb.02.R",
        "r_wrist_end" : "f_thumb.03.R",

        "l_femur" : "thigh.L",
        "l_tibia" : "shin.L",
        "l_foot" : "foot.L",
        "l_toe" : "toe.L",

        "r_femur" : "thigh.R",
        "r_tibia" : "shin.R",
        "r_foot" : "foot.R",
        "r_toe" : "toe.R"
    }

}



